{"stats":{"minecraft:mined":{"minecraft:cut_sandstone":7,"minecraft:cut_sandstone_slab":1,"minecraft:decorated_pot":1,"minecraft:jungle_log":3},"minecraft:used":{"minecraft:bread":3,"minecraft:iron_sword":10,"minecraft:cooked_beef":1,"spartanweaponry:aluminum_greatsword":53,"minecraft:golden_pickaxe":15},"minecraft:custom":{"minecraft:time_since_rest":3694,"minecraft:walk_one_cm":27174,"minecraft:damage_taken":1107,"minecraft:sprint_one_cm":41463,"minecraft:mob_kills":1,"minecraft:damage_dealt":1098,"minecraft:damage_dealt_absorbed":52,"minecraft:fly_one_cm":277465,"minecraft:open_chest":10,"minecraft:crouch_one_cm":158,"minecraft:interact_with_loom":1,"minecraft:play_time":14943,"minecraft:deaths":2,"minecraft:sneak_time":366,"minecraft:damage_dealt_resisted":1620,"minecraft:jump":309,"minecraft:leave_game":4,"minecraft:time_since_death":3665,"minecraft:walk_on_water_one_cm":869,"minecraft:total_world_time":14943,"minecraft:fall_one_cm":13523},"minecraft:picked_up":{"minecraft:cooked_beef":28,"minecraft:stick":2,"minecraft:stone":14,"minecraft:water_bucket":2,"minecraft:jungle_log":6,"minecraft:golden_pickaxe":2,"minecraft:cut_sandstone":18,"minecraft:axolotl_bucket":2,"minecraft:potato":8,"minecraft:jungle_planks":1,"minecraft:flint":1,"minecraft:golden_chestplate":2,"minecraft:cut_sandstone_slab":2,"minecraft:flint_and_steel":1,"minecraft:iron_shovel":3,"minecraft:cactus":2,"minecraft:apple":18,"minecraft:decorated_pot":2,"minecraft:iron_ingot":10,"minecraft:iron_nugget":30,"minecraft:bread":11,"minecraft:poppy":1,"minecraft:iron_pickaxe":3,"minecraft:coal":3,"minecraft:cobblestone":3},"minecraft:killed_by":{"minecraft:iron_golem":2},"minecraft:killed":{"minecraft:iron_golem":1}},"DataVersion":3465}