{"stats":{"minecraft:picked_up":{"minecraft:crafting_table":4,"minecraft:stick":11,"minecraft:acacia_log":51,"minecraft:wooden_pickaxe":2,"minecraft:dripstone_block":2,"minecraft:sand":1,"minecraft:dirt":4,"minecraft:bone":2,"immersive_armors:wooden_helmet":1,"minecraft:stone_sword":4,"friendsandfoes:crab_claw":6,"minecraft:acacia_planks":100,"minecraft:wheat_seeds":2,"minecraft:stone_axe":4,"immersive_armors:wooden_chestplate":1,"minecraft:stone_pickaxe":6,"immersive_armors:wooden_leggings":1,"spartanshields:wooden_basic_shield":1,"minecraft:coal":21,"immersive_armors:wooden_boots":1,"minecraft:acacia_sapling":2,"minecraft:cobblestone":23},"minecraft:crafted":{"immersive_armors:wooden_boots":1,"minecraft:crafting_table":2,"minecraft:stick":8,"minecraft:wooden_pickaxe":1,"minecraft:stone_pickaxe":1,"minecraft:stone_sword":1,"immersive_armors:wooden_leggings":1,"spartanshields:wooden_basic_shield":1,"immersive_armors:wooden_helmet":1,"minecraft:acacia_planks":84,"minecraft:stone_axe":1,"immersive_armors:wooden_chestplate":1},"minecraft:dropped":{"minecraft:wooden_pickaxe":1},"minecraft:killed_by":{"naturalist:coral_snake":5},"minecraft:killed":{"minecraft:skeleton":1,"naturalist:coral_snake":2,"naturalist:lion":1,"friendsandfoes:crab":3},"minecraft:custom":{"minecraft:time_since_rest":0,"minecraft:sprint_one_cm":54554,"spartanshields:shield_bash_hits":1,"minecraft:damage_taken":2463,"minecraft:walk_one_cm":18809,"minecraft:damage_blocked_by_shield":910,"minecraft:mob_kills":7,"minecraft:drop":1,"minecraft:damage_dealt":1124,"minecraft:damage_dealt_absorbed":248,"minecraft:interact_with_crafting_table":7,"minecraft:fly_one_cm":94520,"minecraft:crouch_one_cm":1816,"minecraft:play_time":17428,"minecraft:deaths":8,"minecraft:sneak_time":846,"minecraft:damage_dealt_resisted":365,"minecraft:jump":391,"minecraft:leave_game":1,"minecraft:time_since_death":0,"minecraft:total_world_time":17428,"minecraft:fall_one_cm":12796},"minecraft:mined":{"minecraft:acacia_leaves":4,"minecraft:crafting_table":3,"minecraft:coal_ore":21,"minecraft:grass":7,"minecraft:acacia_log":46,"minecraft:sand":1,"minecraft:dripstone_block":2,"minecraft:dirt":4,"minecraft:stone":13},"minecraft:broken":{"spartanshields:wooden_basic_shield":1},"minecraft:used":{"minecraft:stone_sword":33,"spartanshields:wooden_basic_shield":23,"minecraft:stone_pickaxe":27,"minecraft:wooden_pickaxe":15,"minecraft:stone_axe":47,"immersive_armors:wooden_chestplate":1,"immersive_armors:wooden_boots":1,"minecraft:dirt":4,"minecraft:cobblestone":1,"minecraft:crafting_table":3,"minecraft:dripstone_block":2,"immersive_armors:wooden_leggings":1,"minecraft:acacia_planks":1,"immersive_armors:wooden_helmet":1}},"DataVersion":3465}