{"stats":{"minecraft:custom":{"minecraft:jump":70,"minecraft:open_chest":1,"minecraft:time_since_rest":4869,"minecraft:leave_game":1,"minecraft:crouch_one_cm":523,"minecraft:walk_on_water_one_cm":202,"minecraft:sprint_one_cm":7330,"minecraft:play_time":4869,"minecraft:damage_taken":181,"minecraft:time_since_death":4869,"minecraft:walk_one_cm":2555,"minecraft:sneak_time":177,"minecraft:total_world_time":4869,"minecraft:walk_under_water_one_cm":125,"minecraft:swim_one_cm":628,"minecraft:fall_one_cm":1463,"minecraft:fly_one_cm":37324},"minecraft:picked_up":{"minecraft:stick":1}},"DataVersion":3465}