{"stats":{"minecraft:killed":{"capycraft:capybara":1},"minecraft:mined":{"minecraft:spruce_log":5,"minecraft:spruce_leaves":1},"minecraft:custom":{"minecraft:jump":41,"minecraft:open_chest":1,"minecraft:time_since_rest":4241,"minecraft:damage_dealt":192,"minecraft:crouch_one_cm":218,"minecraft:leave_game":1,"minecraft:play_time":4241,"minecraft:sprint_one_cm":6186,"minecraft:time_since_death":4241,"minecraft:walk_one_cm":3956,"minecraft:sneak_time":70,"minecraft:total_world_time":4241,"minecraft:mob_kills":1,"minecraft:fall_one_cm":418,"minecraft:fly_one_cm":9811},"minecraft:used":{"capycraft:capybara_spawn_egg":1},"minecraft:picked_up":{"minecraft:spruce_log":4},"minecraft:crafted":{"minecraft:crafting_table":1,"minecraft:spruce_planks":16}},"DataVersion":3465}